date,frame,count,total_videos_in_date,prevalence
2019-01-01,Nature and travel,52,99,0.525253
2019-01-01,Geopolitical frame,9,99,0.090909
2019-01-01,Educational and facts,5,99,0.050505
2019-01-01,Indigenous culture,12,99,0.121212
2019-01-01,Climate change,21,99,0.212121
2019-02-01,Nature and travel,49,75,0.653333
2019-02-01,Geopolitical frame,8,75,0.106667
2019-02-01,Educational and facts,7,75,0.093333
2019-02-01,Indigenous culture,5,75,0.066667
2019-02-01,Climate change,6,75,0.080000
2019-03-01,Nature and travel,37,85,0.435294
2019-03-01,Geopolitical frame,8,85,0.094118
2019-03-01,Educational and facts,4,85,0.047059
2019-03-01,Indigenous culture,7,85,0.082353
2019-03-01,Climate change,29,85,0.341176
2019-04-01,Nature and travel,43,71,0.605634
2019-04-01,Geopolitical frame,2,71,0.028169
2019-04-01,Educational and facts,11,71,0.154930
2019-04-01,Indigenous culture,7,71,0.098592
2019-04-01,Climate change,8,71,0.112676
2019-05-01,Nature and travel,39,71,0.549296
2019-05-01,Geopolitical frame,4,71,0.056338
2019-05-01,Educational and facts,14,71,0.197183
2019-05-01,Indigenous culture,10,71,0.140845
2019-05-01,Climate change,4,71,0.056338
2019-06-01,Nature and travel,54,143,0.377622
2019-06-01,Geopolitical frame,20,143,0.139860
2019-06-01,Educational and facts,22,143,0.153846
2019-06-01,Indigenous culture,14,143,0.097902
2019-06-01,Climate change,33,143,0.230769
2019-07-01,Nature and travel,60,97,0.618557
2019-07-01,Geopolitical frame,7,97,0.072165
2019-07-01,Educational and facts,13,97,0.134021
2019-07-01,Indigenous culture,7,97,0.072165
2019-07-01,Climate change,10,97,0.103093
2019-08-01,Nature and travel,68,372,0.182796
2019-08-01,Geopolitical frame,225,372,0.604839
2019-08-01,Educational and facts,10,372,0.026882
2019-08-01,Indigenous culture,2,372,0.005376
2019-08-01,Climate change,67,372,0.180108
2019-09-01,Nature and travel,53,111,0.477477
2019-09-01,Geopolitical frame,18,111,0.162162
2019-09-01,Educational and facts,14,111,0.126126
2019-09-01,Indigenous culture,9,111,0.081081
2019-09-01,Climate change,17,111,0.153153
2019-10-01,Nature and travel,63,132,0.477273
2019-10-01,Geopolitical frame,14,132,0.106061
2019-10-01,Educational and facts,23,132,0.174242
2019-10-01,Indigenous culture,24,132,0.181818
2019-10-01,Climate change,8,132,0.060606
2019-11-01,Nature and travel,60,96,0.625000
2019-11-01,Geopolitical frame,11,96,0.114583
2019-11-01,Educational and facts,11,96,0.114583
2019-11-01,Indigenous culture,12,96,0.125000
2019-11-01,Climate change,2,96,0.020833
2019-12-01,Nature and travel,62,109,0.568807
2019-12-01,Geopolitical frame,5,109,0.045872
2019-12-01,Educational and facts,14,109,0.128440
2019-12-01,Indigenous culture,6,109,0.055046
2019-12-01,Climate change,22,109,0.201835
2020-01-01,Nature and travel,62,114,0.543860
2020-01-01,Geopolitical frame,13,114,0.114035
2020-01-01,Educational and facts,16,114,0.140351
2020-01-01,Indigenous culture,12,114,0.105263
2020-01-01,Climate change,11,114,0.096491
2020-02-01,Nature and travel,67,121,0.553719
2020-02-01,Geopolitical frame,12,121,0.099174
2020-02-01,Educational and facts,24,121,0.198347
2020-02-01,Indigenous culture,11,121,0.090909
2020-02-01,Climate change,7,121,0.057851
2020-03-01,Nature and travel,64,128,0.500000
2020-03-01,Geopolitical frame,6,128,0.046875
2020-03-01,Educational and facts,29,128,0.226562
2020-03-01,Indigenous culture,11,128,0.085938
2020-03-01,Climate change,18,128,0.140625
2020-04-01,Nature and travel,84,156,0.538462
2020-04-01,Geopolitical frame,18,156,0.115385
2020-04-01,Educational and facts,34,156,0.217949
2020-04-01,Indigenous culture,11,156,0.070513
2020-04-01,Climate change,9,156,0.057692
2020-05-01,Nature and travel,79,132,0.598485
2020-05-01,Geopolitical frame,16,132,0.121212
2020-05-01,Educational and facts,18,132,0.136364
2020-05-01,Indigenous culture,10,132,0.075758
2020-05-01,Climate change,9,132,0.068182
2020-06-01,Nature and travel,29,75,0.386667
2020-06-01,Geopolitical frame,10,75,0.133333
2020-06-01,Educational and facts,21,75,0.280000
2020-06-01,Indigenous culture,11,75,0.146667
2020-06-01,Climate change,4,75,0.053333
2020-07-01,Nature and travel,47,98,0.479592
2020-07-01,Geopolitical frame,13,98,0.132653
2020-07-01,Educational and facts,24,98,0.244898
2020-07-01,Indigenous culture,9,98,0.091837
2020-07-01,Climate change,5,98,0.051020
2020-08-01,Nature and travel,53,121,0.438017
2020-08-01,Geopolitical frame,15,121,0.123967
2020-08-01,Educational and facts,8,121,0.066116
2020-08-01,Indigenous culture,5,121,0.041322
2020-08-01,Climate change,40,121,0.330579
2020-09-01,Nature and travel,41,87,0.471264
2020-09-01,Geopolitical frame,6,87,0.068966
2020-09-01,Educational and facts,17,87,0.195402
2020-09-01,Indigenous culture,13,87,0.149425
2020-09-01,Climate change,10,87,0.114943
2020-10-01,Nature and travel,59,102,0.578431
2020-10-01,Geopolitical frame,9,102,0.088235
2020-10-01,Educational and facts,8,102,0.078431
2020-10-01,Indigenous culture,11,102,0.107843
2020-10-01,Climate change,15,102,0.147059
2020-11-01,Nature and travel,49,95,0.515789
2020-11-01,Geopolitical frame,5,95,0.052632
2020-11-01,Educational and facts,24,95,0.252632
2020-11-01,Indigenous culture,11,95,0.115789
2020-11-01,Climate change,6,95,0.063158
2020-12-01,Nature and travel,64,102,0.627451
2020-12-01,Geopolitical frame,6,102,0.058824
2020-12-01,Educational and facts,10,102,0.098039
2020-12-01,Indigenous culture,14,102,0.137255
2020-12-01,Climate change,8,102,0.078431
2021-01-01,Nature and travel,69,112,0.616071
2021-01-01,Geopolitical frame,6,112,0.053571
2021-01-01,Educational and facts,19,112,0.169643
2021-01-01,Indigenous culture,15,112,0.133929
2021-01-01,Climate change,3,112,0.026786
2021-02-01,Nature and travel,61,115,0.530435
2021-02-01,Geopolitical frame,13,115,0.113043
2021-02-01,Educational and facts,17,115,0.147826
2021-02-01,Indigenous culture,15,115,0.130435
2021-02-01,Climate change,9,115,0.078261
2021-03-01,Nature and travel,76,146,0.520548
2021-03-01,Geopolitical frame,10,146,0.068493
2021-03-01,Educational and facts,21,146,0.143836
2021-03-01,Indigenous culture,17,146,0.116438
2021-03-01,Climate change,22,146,0.150685
2021-04-01,Nature and travel,77,141,0.546099
2021-04-01,Geopolitical frame,13,141,0.092199
2021-04-01,Educational and facts,24,141,0.170213
2021-04-01,Indigenous culture,7,141,0.049645
2021-04-01,Climate change,20,141,0.141844
2021-05-01,Nature and travel,86,159,0.540881
2021-05-01,Geopolitical frame,9,159,0.056604
2021-05-01,Educational and facts,37,159,0.232704
2021-05-01,Indigenous culture,12,159,0.075472
2021-05-01,Climate change,15,159,0.094340
2021-06-01,Nature and travel,73,119,0.613445
2021-06-01,Geopolitical frame,11,119,0.092437
2021-06-01,Educational and facts,24,119,0.201681
2021-06-01,Indigenous culture,9,119,0.075630
2021-06-01,Climate change,2,119,0.016807
2021-07-01,Nature and travel,85,151,0.562914
2021-07-01,Geopolitical frame,10,151,0.066225
2021-07-01,Educational and facts,26,151,0.172185
2021-07-01,Indigenous culture,11,151,0.072848
2021-07-01,Climate change,19,151,0.125828
2021-08-01,Nature and travel,66,163,0.404908
2021-08-01,Geopolitical frame,7,163,0.042945
2021-08-01,Educational and facts,36,163,0.220859
2021-08-01,Indigenous culture,17,163,0.104294
2021-08-01,Climate change,37,163,0.226994
2021-09-01,Nature and travel,86,152,0.565789
2021-09-01,Geopolitical frame,8,152,0.052632
2021-09-01,Educational and facts,33,152,0.217105
2021-09-01,Indigenous culture,12,152,0.078947
2021-09-01,Climate change,13,152,0.085526
2021-10-01,Nature and travel,81,154,0.525974
2021-10-01,Geopolitical frame,15,154,0.097403
2021-10-01,Educational and facts,32,154,0.207792
2021-10-01,Indigenous culture,16,154,0.103896
2021-10-01,Climate change,10,154,0.064935
2021-11-01,Nature and travel,65,146,0.445205
2021-11-01,Geopolitical frame,14,146,0.095890
2021-11-01,Educational and facts,32,146,0.219178
2021-11-01,Indigenous culture,18,146,0.123288
2021-11-01,Climate change,17,146,0.116438
2021-12-01,Nature and travel,84,160,0.525000
2021-12-01,Geopolitical frame,17,160,0.106250
2021-12-01,Educational and facts,36,160,0.225000
2021-12-01,Indigenous culture,16,160,0.100000
2021-12-01,Climate change,7,160,0.043750
2022-01-01,Nature and travel,68,158,0.430380
2022-01-01,Geopolitical frame,16,158,0.101266
2022-01-01,Educational and facts,51,158,0.322785
2022-01-01,Indigenous culture,9,158,0.056962
2022-01-01,Climate change,14,158,0.088608
2022-02-01,Nature and travel,65,147,0.442177
2022-02-01,Geopolitical frame,9,147,0.061224
2022-02-01,Educational and facts,49,147,0.333333
2022-02-01,Indigenous culture,11,147,0.074830
2022-02-01,Climate change,13,147,0.088435
2022-03-01,Nature and travel,83,172,0.482558
2022-03-01,Geopolitical frame,12,172,0.069767
2022-03-01,Educational and facts,52,172,0.302326
2022-03-01,Indigenous culture,17,172,0.098837
2022-03-01,Climate change,8,172,0.046512
2022-04-01,Nature and travel,78,144,0.541667
2022-04-01,Geopolitical frame,10,144,0.069444
2022-04-01,Educational and facts,41,144,0.284722
2022-04-01,Indigenous culture,12,144,0.083333
2022-04-01,Climate change,3,144,0.020833
2022-05-01,Nature and travel,108,180,0.600000
2022-05-01,Geopolitical frame,10,180,0.055556
2022-05-01,Educational and facts,40,180,0.222222
2022-05-01,Indigenous culture,13,180,0.072222
2022-05-01,Climate change,9,180,0.050000
2022-06-01,Nature and travel,90,182,0.494505
2022-06-01,Geopolitical frame,6,182,0.032967
2022-06-01,Educational and facts,77,182,0.423077
2022-06-01,Indigenous culture,7,182,0.038462
2022-06-01,Climate change,2,182,0.010989
2022-07-01,Nature and travel,104,280,0.371429
2022-07-01,Geopolitical frame,14,280,0.050000
2022-07-01,Educational and facts,136,280,0.485714
2022-07-01,Indigenous culture,16,280,0.057143
2022-07-01,Climate change,10,280,0.035714
2022-08-01,Nature and travel,106,245,0.432653
2022-08-01,Geopolitical frame,15,245,0.061224
2022-08-01,Educational and facts,99,245,0.404082
2022-08-01,Indigenous culture,16,245,0.065306
2022-08-01,Climate change,9,245,0.036735
2022-09-01,Nature and travel,99,208,0.475962
2022-09-01,Geopolitical frame,13,208,0.062500
2022-09-01,Educational and facts,64,208,0.307692
2022-09-01,Indigenous culture,19,208,0.091346
2022-09-01,Climate change,13,208,0.062500
2022-10-01,Nature and travel,117,214,0.546729
2022-10-01,Geopolitical frame,12,214,0.056075
2022-10-01,Educational and facts,57,214,0.266355
2022-10-01,Indigenous culture,24,214,0.112150
2022-10-01,Climate change,4,214,0.018692
2022-11-01,Nature and travel,101,234,0.431624
2022-11-01,Geopolitical frame,12,234,0.051282
2022-11-01,Educational and facts,99,234,0.423077
2022-11-01,Indigenous culture,13,234,0.055556
2022-11-01,Climate change,9,234,0.038462
2022-12-01,Nature and travel,106,237,0.447257
2022-12-01,Geopolitical frame,16,237,0.067511
2022-12-01,Educational and facts,92,237,0.388186
2022-12-01,Indigenous culture,16,237,0.067511
2022-12-01,Climate change,7,237,0.029536
2023-01-01,Nature and travel,96,214,0.448598
2023-01-01,Geopolitical frame,10,214,0.046729
2023-01-01,Educational and facts,85,214,0.397196
2023-01-01,Indigenous culture,17,214,0.079439
2023-01-01,Climate change,6,214,0.028037
2023-02-01,Nature and travel,97,213,0.455399
2023-02-01,Geopolitical frame,15,213,0.070423
2023-02-01,Educational and facts,86,213,0.403756
2023-02-01,Indigenous culture,10,213,0.046948
2023-02-01,Climate change,5,213,0.023474
2023-03-01,Nature and travel,122,247,0.493927
2023-03-01,Geopolitical frame,17,247,0.068826
2023-03-01,Educational and facts,81,247,0.327935
2023-03-01,Indigenous culture,20,247,0.080972
2023-03-01,Climate change,7,247,0.028340
2023-04-01,Nature and travel,106,207,0.512077
2023-04-01,Geopolitical frame,12,207,0.057971
2023-04-01,Educational and facts,69,207,0.333333
2023-04-01,Indigenous culture,12,207,0.057971
2023-04-01,Climate change,8,207,0.038647
2023-05-01,Nature and travel,117,245,0.477551
2023-05-01,Geopolitical frame,21,245,0.085714
2023-05-01,Educational and facts,93,245,0.379592
2023-05-01,Indigenous culture,8,245,0.032653
2023-05-01,Climate change,6,245,0.024490
2023-06-01,Nature and travel,104,202,0.514851
2023-06-01,Geopolitical frame,15,202,0.074257
2023-06-01,Educational and facts,64,202,0.316832
2023-06-01,Indigenous culture,14,202,0.069307
2023-06-01,Climate change,5,202,0.024752
2023-07-01,Nature and travel,118,213,0.553991
2023-07-01,Geopolitical frame,18,213,0.084507
2023-07-01,Educational and facts,55,213,0.258216
2023-07-01,Indigenous culture,14,213,0.065728
2023-07-01,Climate change,8,213,0.037559
2023-08-01,Nature and travel,115,196,0.586735
2023-08-01,Geopolitical frame,12,196,0.061224
2023-08-01,Educational and facts,48,196,0.244898
2023-08-01,Indigenous culture,19,196,0.096939
2023-08-01,Climate change,2,196,0.010204
2023-09-01,Nature and travel,148,275,0.538182
2023-09-01,Geopolitical frame,17,275,0.061818
2023-09-01,Educational and facts,89,275,0.323636
2023-09-01,Indigenous culture,17,275,0.061818
2023-09-01,Climate change,4,275,0.014545
2023-10-01,Nature and travel,125,273,0.457875
2023-10-01,Geopolitical frame,11,273,0.040293
2023-10-01,Educational and facts,113,273,0.413919
2023-10-01,Indigenous culture,17,273,0.062271
2023-10-01,Climate change,7,273,0.025641
2023-11-01,Nature and travel,120,241,0.497925
2023-11-01,Geopolitical frame,21,241,0.087137
2023-11-01,Educational and facts,84,241,0.348548
2023-11-01,Indigenous culture,10,241,0.041494
2023-11-01,Climate change,6,241,0.024896
2023-12-01,Nature and travel,107,200,0.535000
2023-12-01,Geopolitical frame,12,200,0.060000
2023-12-01,Educational and facts,63,200,0.315000
2023-12-01,Indigenous culture,11,200,0.055000
2023-12-01,Climate change,7,200,0.035000
2024-01-01,Nature and travel,110,223,0.493274
2024-01-01,Geopolitical frame,16,223,0.071749
2024-01-01,Educational and facts,70,223,0.313901
2024-01-01,Indigenous culture,17,223,0.076233
2024-01-01,Climate change,10,223,0.044843
2024-02-01,Nature and travel,97,206,0.470874
2024-02-01,Geopolitical frame,13,206,0.063107
2024-02-01,Educational and facts,73,206,0.354369
2024-02-01,Indigenous culture,15,206,0.072816
2024-02-01,Climate change,8,206,0.038835
2024-03-01,Nature and travel,62,170,0.364706
2024-03-01,Geopolitical frame,23,170,0.135294
2024-03-01,Educational and facts,68,170,0.400000
2024-03-01,Indigenous culture,11,170,0.064706
2024-03-01,Climate change,6,170,0.035294
2024-04-01,Nature and travel,101,205,0.492683
2024-04-01,Geopolitical frame,13,205,0.063415
2024-04-01,Educational and facts,64,205,0.312195
2024-04-01,Indigenous culture,19,205,0.092683
2024-04-01,Climate change,8,205,0.039024
2024-05-01,Nature and travel,105,238,0.441176
2024-05-01,Geopolitical frame,17,238,0.071429
2024-05-01,Educational and facts,91,238,0.382353
2024-05-01,Indigenous culture,22,238,0.092437
2024-05-01,Climate change,3,238,0.012605
2024-06-01,Nature and travel,84,198,0.424242
2024-06-01,Geopolitical frame,23,198,0.116162
2024-06-01,Educational and facts,77,198,0.388889
2024-06-01,Indigenous culture,10,198,0.050505
2024-06-01,Climate change,4,198,0.020202
2024-07-01,Nature and travel,118,214,0.551402
2024-07-01,Geopolitical frame,26,214,0.121495
2024-07-01,Educational and facts,56,214,0.261682
2024-07-01,Indigenous culture,11,214,0.051402
2024-07-01,Climate change,3,214,0.014019
2024-08-01,Nature and travel,125,241,0.518672
2024-08-01,Geopolitical frame,24,241,0.099585
2024-08-01,Educational and facts,70,241,0.290456
2024-08-01,Indigenous culture,16,241,0.066390
2024-08-01,Climate change,6,241,0.024896
2024-09-01,Nature and travel,124,259,0.478764
2024-09-01,Geopolitical frame,25,259,0.096525
2024-09-01,Educational and facts,71,259,0.274131
2024-09-01,Indigenous culture,12,259,0.046332
2024-09-01,Climate change,27,259,0.104247
2024-10-01,Nature and travel,114,256,0.445312
2024-10-01,Geopolitical frame,30,256,0.117188
2024-10-01,Educational and facts,87,256,0.339844
2024-10-01,Indigenous culture,12,256,0.046875
2024-10-01,Climate change,13,256,0.050781
2024-11-01,Nature and travel,88,201,0.437811
2024-11-01,Geopolitical frame,19,201,0.094527
2024-11-01,Educational and facts,73,201,0.363184
2024-11-01,Indigenous culture,16,201,0.079602
2024-11-01,Climate change,5,201,0.024876
2024-12-01,Nature and travel,65,246,0.264228
2024-12-01,Geopolitical frame,108,246,0.439024
2024-12-01,Educational and facts,60,246,0.243902
2024-12-01,Indigenous culture,6,246,0.024390
2024-12-01,Climate change,7,246,0.028455
2025-01-01,Nature and travel,24,384,0.062500
2025-01-01,Geopolitical frame,295,384,0.768229
2025-01-01,Educational and facts,57,384,0.148438
2025-01-01,Indigenous culture,6,384,0.015625
2025-01-01,Climate change,2,384,0.005208
2025-02-01,Nature and travel,43,221,0.194570
2025-02-01,Geopolitical frame,123,221,0.556561
2025-02-01,Educational and facts,48,221,0.217195
2025-02-01,Indigenous culture,5,221,0.022624
2025-02-01,Climate change,2,221,0.009050
2025-03-01,Nature and travel,47,537,0.087523
2025-03-01,Geopolitical frame,409,537,0.761639
2025-03-01,Educational and facts,60,537,0.111732
2025-03-01,Indigenous culture,17,537,0.031657
2025-03-01,Climate change,4,537,0.007449
2025-04-01,Nature and travel,44,242,0.181818
2025-04-01,Geopolitical frame,122,242,0.504132
2025-04-01,Educational and facts,60,242,0.247934
2025-04-01,Indigenous culture,10,242,0.041322
2025-04-01,Climate change,6,242,0.024793
2025-05-01,Nature and travel,73,285,0.256140
2025-05-01,Geopolitical frame,109,285,0.382456
2025-05-01,Educational and facts,86,285,0.301754
2025-05-01,Indigenous culture,13,285,0.045614
2025-05-01,Climate change,4,285,0.014035
2025-06-01,Nature and travel,91,256,0.355469
2025-06-01,Geopolitical frame,73,256,0.285156
2025-06-01,Educational and facts,74,256,0.289062
2025-06-01,Indigenous culture,9,256,0.035156
2025-06-01,Climate change,9,256,0.035156
2025-07-01,Nature and travel,87,216,0.402778
2025-07-01,Geopolitical frame,38,216,0.175926
2025-07-01,Educational and facts,55,216,0.254630
2025-07-01,Indigenous culture,25,216,0.115741
2025-07-01,Climate change,11,216,0.050926
2025-08-01,Nature and travel,101,269,0.375465
2025-08-01,Geopolitical frame,69,269,0.256506
2025-08-01,Educational and facts,73,269,0.271375
2025-08-01,Indigenous culture,15,269,0.055762
2025-08-01,Climate change,11,269,0.040892
2025-09-01,Nature and travel,71,198,0.358586
2025-09-01,Geopolitical frame,52,198,0.262626
2025-09-01,Educational and facts,54,198,0.272727
2025-09-01,Indigenous culture,15,198,0.075758
2025-09-01,Climate change,6,198,0.030303
2025-10-01,Nature and travel,61,171,0.356725
2025-10-01,Geopolitical frame,34,171,0.198830
2025-10-01,Educational and facts,65,171,0.380117
2025-10-01,Indigenous culture,6,171,0.035088
2025-10-01,Climate change,5,171,0.029240
2025-11-01,Nature and travel,56,191,0.293194
2025-11-01,Geopolitical frame,47,191,0.246073
2025-11-01,Educational and facts,66,191,0.345550
2025-11-01,Indigenous culture,11,191,0.057592
2025-11-01,Climate change,11,191,0.057592
2025-12-01,Nature and travel,52,249,0.208835
2025-12-01,Geopolitical frame,129,249,0.518072
2025-12-01,Educational and facts,64,249,0.257028
2025-12-01,Indigenous culture,2,249,0.008032
2025-12-01,Climate change,2,249,0.008032
2026-01-01,Nature and travel,74,1286,0.057543
2026-01-01,Geopolitical frame,1055,1286,0.820373
2026-01-01,Educational and facts,132,1286,0.102644
2026-01-01,Indigenous culture,19,1286,0.014774
2026-01-01,Climate change,6,1286,0.004666
2026-02-01,Nature and travel,201,1877,0.107086
2026-02-01,Geopolitical frame,1286,1877,0.685136
2026-02-01,Educational and facts,294,1877,0.156633
2026-02-01,Indigenous culture,61,1877,0.032499
2026-02-01,Climate change,35,1877,0.018647
2026-03-01,Nature and travel,492,2280,0.215789
2026-03-01,Geopolitical frame,1175,2280,0.515351
2026-03-01,Educational and facts,451,2280,0.197807
2026-03-01,Indigenous culture,101,2280,0.044298
2026-03-01,Climate change,61,2280,0.026754
2026-04-01,Nature and travel,161,683,0.235725
2026-04-01,Geopolitical frame,314,683,0.459736
2026-04-01,Educational and facts,148,683,0.216691
2026-04-01,Indigenous culture,33,683,0.048316
2026-04-01,Climate change,27,683,0.039531
