date,topic,count,total_videos_in_date,prevalence
2019-01-01,topic1,3,135,0.022222
2019-01-01,topic0,29,135,0.214815
2019-01-01,topic4,3,135,0.022222
2019-01-01,topic2,31,135,0.229630
2019-01-01,topic3,17,135,0.125926
2019-01-01,topic7,2,135,0.014815
2019-01-01,topic6,3,135,0.022222
2019-01-01,topic5,14,135,0.103704
2019-02-01,topic1,1,111,0.009009
2019-02-01,topic0,19,111,0.171171
2019-02-01,topic4,4,111,0.036036
2019-02-01,topic2,17,111,0.153153
2019-02-01,topic3,20,111,0.180180
2019-02-01,topic7,1,111,0.009009
2019-02-01,topic6,8,111,0.072072
2019-02-01,topic5,9,111,0.081081
2019-03-01,topic1,11,119,0.092437
2019-03-01,topic0,24,119,0.201681
2019-03-01,topic4,8,119,0.067227
2019-03-01,topic2,38,119,0.319328
2019-03-01,topic3,12,119,0.100840
2019-03-01,topic7,1,119,0.008403
2019-03-01,topic6,4,119,0.033613
2019-03-01,topic5,4,119,0.033613
2019-04-01,topic1,5,100,0.050000
2019-04-01,topic0,28,100,0.280000
2019-04-01,topic4,5,100,0.050000
2019-04-01,topic2,14,100,0.140000
2019-04-01,topic3,18,100,0.180000
2019-04-01,topic7,1,100,0.010000
2019-04-01,topic6,4,100,0.040000
2019-04-01,topic5,7,100,0.070000
2019-05-01,topic1,4,102,0.039216
2019-05-01,topic0,26,102,0.254902
2019-05-01,topic4,1,102,0.009804
2019-05-01,topic2,18,102,0.176471
2019-05-01,topic3,16,102,0.156863
2019-05-01,topic7,0,102,0.000000
2019-05-01,topic6,9,102,0.088235
2019-05-01,topic5,11,102,0.107843
2019-06-01,topic1,13,183,0.071038
2019-06-01,topic0,49,183,0.267760
2019-06-01,topic4,12,183,0.065574
2019-06-01,topic2,41,183,0.224044
2019-06-01,topic3,18,183,0.098361
2019-06-01,topic7,5,183,0.027322
2019-06-01,topic6,11,183,0.060109
2019-06-01,topic5,9,183,0.049180
2019-07-01,topic1,3,137,0.021898
2019-07-01,topic0,16,137,0.116788
2019-07-01,topic4,7,137,0.051095
2019-07-01,topic2,23,137,0.167883
2019-07-01,topic3,15,137,0.109489
2019-07-01,topic7,1,137,0.007299
2019-07-01,topic6,4,137,0.029197
2019-07-01,topic5,36,137,0.262774
2019-08-01,topic1,137,416,0.329327
2019-08-01,topic0,21,416,0.050481
2019-08-01,topic4,15,416,0.036058
2019-08-01,topic2,86,416,0.206731
2019-08-01,topic3,34,416,0.081731
2019-08-01,topic7,72,416,0.173077
2019-08-01,topic6,14,416,0.033654
2019-08-01,topic5,13,416,0.031250
2019-09-01,topic1,13,145,0.089655
2019-09-01,topic0,21,145,0.144828
2019-09-01,topic4,9,145,0.062069
2019-09-01,topic2,28,145,0.193103
2019-09-01,topic3,25,145,0.172414
2019-09-01,topic7,3,145,0.020690
2019-09-01,topic6,6,145,0.041379
2019-09-01,topic5,17,145,0.117241
2019-10-01,topic1,9,162,0.055556
2019-10-01,topic0,39,162,0.240741
2019-10-01,topic4,15,162,0.092593
2019-10-01,topic2,15,162,0.092593
2019-10-01,topic3,25,162,0.154321
2019-10-01,topic7,4,162,0.024691
2019-10-01,topic6,9,162,0.055556
2019-10-01,topic5,12,162,0.074074
2019-11-01,topic1,10,132,0.075758
2019-11-01,topic0,31,132,0.234848
2019-11-01,topic4,11,132,0.083333
2019-11-01,topic2,13,132,0.098485
2019-11-01,topic3,21,132,0.159091
2019-11-01,topic7,1,132,0.007576
2019-11-01,topic6,5,132,0.037879
2019-11-01,topic5,8,132,0.060606
2019-12-01,topic1,6,149,0.040268
2019-12-01,topic0,27,149,0.181208
2019-12-01,topic4,7,149,0.046980
2019-12-01,topic2,34,149,0.228188
2019-12-01,topic3,24,149,0.161074
2019-12-01,topic7,2,149,0.013423
2019-12-01,topic6,7,149,0.046980
2019-12-01,topic5,17,149,0.114094
2020-01-01,topic1,3,143,0.020979
2020-01-01,topic0,30,143,0.209790
2020-01-01,topic4,11,143,0.076923
2020-01-01,topic2,23,143,0.160839
2020-01-01,topic3,25,143,0.174825
2020-01-01,topic7,1,143,0.006993
2020-01-01,topic6,5,143,0.034965
2020-01-01,topic5,18,143,0.125874
2020-02-01,topic1,13,156,0.083333
2020-02-01,topic0,37,156,0.237179
2020-02-01,topic4,8,156,0.051282
2020-02-01,topic2,13,156,0.083333
2020-02-01,topic3,16,156,0.102564
2020-02-01,topic7,2,156,0.012821
2020-02-01,topic6,9,156,0.057692
2020-02-01,topic5,17,156,0.108974
2020-03-01,topic1,13,169,0.076923
2020-03-01,topic0,34,169,0.201183
2020-03-01,topic4,5,169,0.029586
2020-03-01,topic2,29,169,0.171598
2020-03-01,topic3,22,169,0.130178
2020-03-01,topic7,0,169,0.000000
2020-03-01,topic6,17,169,0.100592
2020-03-01,topic5,21,169,0.124260
2020-04-01,topic1,11,201,0.054726
2020-04-01,topic0,49,201,0.243781
2020-04-01,topic4,15,201,0.074627
2020-04-01,topic2,16,201,0.079602
2020-04-01,topic3,32,201,0.159204
2020-04-01,topic7,5,201,0.024876
2020-04-01,topic6,19,201,0.094527
2020-04-01,topic5,18,201,0.089552
2020-05-01,topic1,3,162,0.018519
2020-05-01,topic0,42,162,0.259259
2020-05-01,topic4,19,162,0.117284
2020-05-01,topic2,15,162,0.092593
2020-05-01,topic3,27,162,0.166667
2020-05-01,topic7,2,162,0.012346
2020-05-01,topic6,11,162,0.067901
2020-05-01,topic5,9,162,0.055556
2020-06-01,topic1,1,105,0.009524
2020-06-01,topic0,35,105,0.333333
2020-06-01,topic4,11,105,0.104762
2020-06-01,topic2,10,105,0.095238
2020-06-01,topic3,12,105,0.114286
2020-06-01,topic7,2,105,0.019048
2020-06-01,topic6,14,105,0.133333
2020-06-01,topic5,7,105,0.066667
2020-07-01,topic1,5,128,0.039062
2020-07-01,topic0,39,128,0.304688
2020-07-01,topic4,9,128,0.070312
2020-07-01,topic2,11,128,0.085938
2020-07-01,topic3,18,128,0.140625
2020-07-01,topic7,0,128,0.000000
2020-07-01,topic6,10,128,0.078125
2020-07-01,topic5,14,128,0.109375
2020-08-01,topic1,12,157,0.076433
2020-08-01,topic0,24,157,0.152866
2020-08-01,topic4,17,157,0.108280
2020-08-01,topic2,48,157,0.305732
2020-08-01,topic3,19,157,0.121019
2020-08-01,topic7,1,157,0.006369
2020-08-01,topic6,5,157,0.031847
2020-08-01,topic5,7,157,0.044586
2020-09-01,topic1,2,114,0.017544
2020-09-01,topic0,23,114,0.201754
2020-09-01,topic4,10,114,0.087719
2020-09-01,topic2,18,114,0.157895
2020-09-01,topic3,10,114,0.087719
2020-09-01,topic7,0,114,0.000000
2020-09-01,topic6,9,114,0.078947
2020-09-01,topic5,13,114,0.114035
2020-10-01,topic1,7,147,0.047619
2020-10-01,topic0,37,147,0.251701
2020-10-01,topic4,11,147,0.074830
2020-10-01,topic2,21,147,0.142857
2020-10-01,topic3,23,147,0.156463
2020-10-01,topic7,2,147,0.013605
2020-10-01,topic6,5,147,0.034014
2020-10-01,topic5,11,147,0.074830
2020-11-01,topic1,2,140,0.014286
2020-11-01,topic0,38,140,0.271429
2020-11-01,topic4,6,140,0.042857
2020-11-01,topic2,22,140,0.157143
2020-11-01,topic3,15,140,0.107143
2020-11-01,topic7,5,140,0.035714
2020-11-01,topic6,11,140,0.078571
2020-11-01,topic5,12,140,0.085714
2020-12-01,topic1,5,148,0.033784
2020-12-01,topic0,53,148,0.358108
2020-12-01,topic4,13,148,0.087838
2020-12-01,topic2,14,148,0.094595
2020-12-01,topic3,11,148,0.074324
2020-12-01,topic7,2,148,0.013514
2020-12-01,topic6,6,148,0.040541
2020-12-01,topic5,18,148,0.121622
2021-01-01,topic1,3,171,0.017544
2021-01-01,topic0,54,171,0.315789
2021-01-01,topic4,14,171,0.081871
2021-01-01,topic2,13,171,0.076023
2021-01-01,topic3,19,171,0.111111
2021-01-01,topic7,2,171,0.011696
2021-01-01,topic6,12,171,0.070175
2021-01-01,topic5,15,171,0.087719
2021-02-01,topic1,4,176,0.022727
2021-02-01,topic0,68,176,0.386364
2021-02-01,topic4,17,176,0.096591
2021-02-01,topic2,15,176,0.085227
2021-02-01,topic3,13,176,0.073864
2021-02-01,topic7,1,176,0.005682
2021-02-01,topic6,17,176,0.096591
2021-02-01,topic5,11,176,0.062500
2021-03-01,topic1,7,210,0.033333
2021-03-01,topic0,47,210,0.223810
2021-03-01,topic4,24,210,0.114286
2021-03-01,topic2,25,210,0.119048
2021-03-01,topic3,27,210,0.128571
2021-03-01,topic7,4,210,0.019048
2021-03-01,topic6,13,210,0.061905
2021-03-01,topic5,21,210,0.100000
2021-04-01,topic1,19,204,0.093137
2021-04-01,topic0,43,204,0.210784
2021-04-01,topic4,22,204,0.107843
2021-04-01,topic2,29,204,0.142157
2021-04-01,topic3,22,204,0.107843
2021-04-01,topic7,6,204,0.029412
2021-04-01,topic6,12,204,0.058824
2021-04-01,topic5,14,204,0.068627
2021-05-01,topic1,4,211,0.018957
2021-05-01,topic0,56,211,0.265403
2021-05-01,topic4,16,211,0.075829
2021-05-01,topic2,30,211,0.142180
2021-05-01,topic3,29,211,0.137441
2021-05-01,topic7,1,211,0.004739
2021-05-01,topic6,14,211,0.066351
2021-05-01,topic5,10,211,0.047393
2021-06-01,topic1,8,150,0.053333
2021-06-01,topic0,36,150,0.240000
2021-06-01,topic4,28,150,0.186667
2021-06-01,topic2,7,150,0.046667
2021-06-01,topic3,16,150,0.106667
2021-06-01,topic7,2,150,0.013333
2021-06-01,topic6,9,150,0.060000
2021-06-01,topic5,16,150,0.106667
2021-07-01,topic1,1,212,0.004717
2021-07-01,topic0,53,212,0.250000
2021-07-01,topic4,32,212,0.150943
2021-07-01,topic2,31,212,0.146226
2021-07-01,topic3,23,212,0.108491
2021-07-01,topic7,2,212,0.009434
2021-07-01,topic6,10,212,0.047170
2021-07-01,topic5,18,212,0.084906
2021-08-01,topic1,4,201,0.019900
2021-08-01,topic0,31,201,0.154229
2021-08-01,topic4,31,201,0.154229
2021-08-01,topic2,42,201,0.208955
2021-08-01,topic3,17,201,0.084577
2021-08-01,topic7,2,201,0.009950
2021-08-01,topic6,13,201,0.064677
2021-08-01,topic5,21,201,0.104478
2021-09-01,topic1,4,195,0.020513
2021-09-01,topic0,47,195,0.241026
2021-09-01,topic4,35,195,0.179487
2021-09-01,topic2,23,195,0.117949
2021-09-01,topic3,21,195,0.107692
2021-09-01,topic7,2,195,0.010256
2021-09-01,topic6,16,195,0.082051
2021-09-01,topic5,12,195,0.061538
2021-10-01,topic1,14,217,0.064516
2021-10-01,topic0,36,217,0.165899
2021-10-01,topic4,36,217,0.165899
2021-10-01,topic2,22,217,0.101382
2021-10-01,topic3,11,217,0.050691
2021-10-01,topic7,4,217,0.018433
2021-10-01,topic6,13,217,0.059908
2021-10-01,topic5,31,217,0.142857
2021-11-01,topic1,3,190,0.015789
2021-11-01,topic0,46,190,0.242105
2021-11-01,topic4,22,190,0.115789
2021-11-01,topic2,33,190,0.173684
2021-11-01,topic3,11,190,0.057895
2021-11-01,topic7,2,190,0.010526
2021-11-01,topic6,17,190,0.089474
2021-11-01,topic5,10,190,0.052632
2021-12-01,topic1,6,214,0.028037
2021-12-01,topic0,41,214,0.191589
2021-12-01,topic4,34,214,0.158879
2021-12-01,topic2,24,214,0.112150
2021-12-01,topic3,21,214,0.098131
2021-12-01,topic7,2,214,0.009346
2021-12-01,topic6,13,214,0.060748
2021-12-01,topic5,26,214,0.121495
2022-01-01,topic1,8,212,0.037736
2022-01-01,topic0,40,212,0.188679
2022-01-01,topic4,29,212,0.136792
2022-01-01,topic2,26,212,0.122642
2022-01-01,topic3,17,212,0.080189
2022-01-01,topic7,3,212,0.014151
2022-01-01,topic6,19,212,0.089623
2022-01-01,topic5,19,212,0.089623
2022-02-01,topic1,2,214,0.009346
2022-02-01,topic0,53,214,0.247664
2022-02-01,topic4,14,214,0.065421
2022-02-01,topic2,31,214,0.144860
2022-02-01,topic3,10,214,0.046729
2022-02-01,topic7,2,214,0.009346
2022-02-01,topic6,14,214,0.065421
2022-02-01,topic5,29,214,0.135514
2022-03-01,topic1,3,244,0.012295
2022-03-01,topic0,50,244,0.204918
2022-03-01,topic4,31,244,0.127049
2022-03-01,topic2,26,244,0.106557
2022-03-01,topic3,29,244,0.118852
2022-03-01,topic7,8,244,0.032787
2022-03-01,topic6,18,244,0.073770
2022-03-01,topic5,24,244,0.098361
2022-04-01,topic1,4,197,0.020305
2022-04-01,topic0,44,197,0.223350
2022-04-01,topic4,28,197,0.142132
2022-04-01,topic2,14,197,0.071066
2022-04-01,topic3,26,197,0.131980
2022-04-01,topic7,9,197,0.045685
2022-04-01,topic6,8,197,0.040609
2022-04-01,topic5,17,197,0.086294
2022-05-01,topic1,2,233,0.008584
2022-05-01,topic0,59,233,0.253219
2022-05-01,topic4,39,233,0.167382
2022-05-01,topic2,26,233,0.111588
2022-05-01,topic3,24,233,0.103004
2022-05-01,topic7,2,233,0.008584
2022-05-01,topic6,15,233,0.064378
2022-05-01,topic5,13,233,0.055794
2022-06-01,topic1,3,227,0.013216
2022-06-01,topic0,39,227,0.171806
2022-06-01,topic4,31,227,0.136564
2022-06-01,topic2,8,227,0.035242
2022-06-01,topic3,22,227,0.096916
2022-06-01,topic7,9,227,0.039648
2022-06-01,topic6,18,227,0.079295
2022-06-01,topic5,20,227,0.088106
2022-07-01,topic1,5,326,0.015337
2022-07-01,topic0,52,326,0.159509
2022-07-01,topic4,31,326,0.095092
2022-07-01,topic2,22,326,0.067485
2022-07-01,topic3,34,326,0.104294
2022-07-01,topic7,4,326,0.012270
2022-07-01,topic6,29,326,0.088957
2022-07-01,topic5,26,326,0.079755
2022-08-01,topic1,14,291,0.048110
2022-08-01,topic0,49,291,0.168385
2022-08-01,topic4,39,291,0.134021
2022-08-01,topic2,28,291,0.096220
2022-08-01,topic3,29,291,0.099656
2022-08-01,topic7,2,291,0.006873
2022-08-01,topic6,25,291,0.085911
2022-08-01,topic5,17,291,0.058419
2022-09-01,topic1,8,257,0.031128
2022-09-01,topic0,50,257,0.194553
2022-09-01,topic4,34,257,0.132296
2022-09-01,topic2,33,257,0.128405
2022-09-01,topic3,21,257,0.081712
2022-09-01,topic7,3,257,0.011673
2022-09-01,topic6,16,257,0.062257
2022-09-01,topic5,16,257,0.062257
2022-10-01,topic1,5,250,0.020000
2022-10-01,topic0,45,250,0.180000
2022-10-01,topic4,44,250,0.176000
2022-10-01,topic2,17,250,0.068000
2022-10-01,topic3,28,250,0.112000
2022-10-01,topic7,3,250,0.012000
2022-10-01,topic6,14,250,0.056000
2022-10-01,topic5,28,250,0.112000
2022-11-01,topic1,7,282,0.024823
2022-11-01,topic0,51,282,0.180851
2022-11-01,topic4,38,282,0.134752
2022-11-01,topic2,20,282,0.070922
2022-11-01,topic3,21,282,0.074468
2022-11-01,topic7,5,282,0.017730
2022-11-01,topic6,21,282,0.074468
2022-11-01,topic5,23,282,0.081560
2022-12-01,topic1,13,309,0.042071
2022-12-01,topic0,49,309,0.158576
2022-12-01,topic4,39,309,0.126214
2022-12-01,topic2,24,309,0.077670
2022-12-01,topic3,22,309,0.071197
2022-12-01,topic7,17,309,0.055016
2022-12-01,topic6,19,309,0.061489
2022-12-01,topic5,30,309,0.097087
2023-01-01,topic1,9,256,0.035156
2023-01-01,topic0,46,256,0.179688
2023-01-01,topic4,41,256,0.160156
2023-01-01,topic2,11,256,0.042969
2023-01-01,topic3,16,256,0.062500
2023-01-01,topic7,5,256,0.019531
2023-01-01,topic6,16,256,0.062500
2023-01-01,topic5,30,256,0.117188
2023-02-01,topic1,10,268,0.037313
2023-02-01,topic0,44,268,0.164179
2023-02-01,topic4,42,268,0.156716
2023-02-01,topic2,22,268,0.082090
2023-02-01,topic3,21,268,0.078358
2023-02-01,topic7,10,268,0.037313
2023-02-01,topic6,21,268,0.078358
2023-02-01,topic5,15,268,0.055970
2023-03-01,topic1,3,303,0.009901
2023-03-01,topic0,54,303,0.178218
2023-03-01,topic4,57,303,0.188119
2023-03-01,topic2,23,303,0.075908
2023-03-01,topic3,33,303,0.108911
2023-03-01,topic7,15,303,0.049505
2023-03-01,topic6,20,303,0.066007
2023-03-01,topic5,24,303,0.079208
2023-04-01,topic1,14,259,0.054054
2023-04-01,topic0,30,259,0.115830
2023-04-01,topic4,32,259,0.123552
2023-04-01,topic2,24,259,0.092664
2023-04-01,topic3,29,259,0.111969
2023-04-01,topic7,17,259,0.065637
2023-04-01,topic6,20,259,0.077220
2023-04-01,topic5,29,259,0.111969
2023-05-01,topic1,9,323,0.027864
2023-05-01,topic0,39,323,0.120743
2023-05-01,topic4,61,323,0.188854
2023-05-01,topic2,27,323,0.083591
2023-05-01,topic3,23,323,0.071207
2023-05-01,topic7,14,323,0.043344
2023-05-01,topic6,23,323,0.071207
2023-05-01,topic5,33,323,0.102167
2023-06-01,topic1,8,262,0.030534
2023-06-01,topic0,36,262,0.137405
2023-06-01,topic4,45,262,0.171756
2023-06-01,topic2,24,262,0.091603
2023-06-01,topic3,27,262,0.103053
2023-06-01,topic7,11,262,0.041985
2023-06-01,topic6,15,262,0.057252
2023-06-01,topic5,27,262,0.103053
2023-07-01,topic1,12,265,0.045283
2023-07-01,topic0,50,265,0.188679
2023-07-01,topic4,65,265,0.245283
2023-07-01,topic2,29,265,0.109434
2023-07-01,topic3,28,265,0.105660
2023-07-01,topic7,7,265,0.026415
2023-07-01,topic6,14,265,0.052830
2023-07-01,topic5,11,265,0.041509
2023-08-01,topic1,7,261,0.026820
2023-08-01,topic0,43,261,0.164751
2023-08-01,topic4,69,261,0.264368
2023-08-01,topic2,24,261,0.091954
2023-08-01,topic3,17,261,0.065134
2023-08-01,topic7,5,261,0.019157
2023-08-01,topic6,29,261,0.111111
2023-08-01,topic5,26,261,0.099617
2023-09-01,topic1,8,356,0.022472
2023-09-01,topic0,53,356,0.148876
2023-09-01,topic4,53,356,0.148876
2023-09-01,topic2,36,356,0.101124
2023-09-01,topic3,47,356,0.132022
2023-09-01,topic7,4,356,0.011236
2023-09-01,topic6,9,356,0.025281
2023-09-01,topic5,37,356,0.103933
2023-10-01,topic1,7,335,0.020896
2023-10-01,topic0,45,335,0.134328
2023-10-01,topic4,64,335,0.191045
2023-10-01,topic2,22,335,0.065672
2023-10-01,topic3,32,335,0.095522
2023-10-01,topic7,17,335,0.050746
2023-10-01,topic6,13,335,0.038806
2023-10-01,topic5,20,335,0.059701
2023-11-01,topic1,7,281,0.024911
2023-11-01,topic0,42,281,0.149466
2023-11-01,topic4,43,281,0.153025
2023-11-01,topic2,27,281,0.096085
2023-11-01,topic3,37,281,0.131673
2023-11-01,topic7,4,281,0.014235
2023-11-01,topic6,12,281,0.042705
2023-11-01,topic5,13,281,0.046263
2023-12-01,topic1,11,248,0.044355
2023-12-01,topic0,35,248,0.141129
2023-12-01,topic4,35,248,0.141129
2023-12-01,topic2,32,248,0.129032
2023-12-01,topic3,27,248,0.108871
2023-12-01,topic7,4,248,0.016129
2023-12-01,topic6,16,248,0.064516
2023-12-01,topic5,25,248,0.100806
2024-01-01,topic1,8,281,0.028470
2024-01-01,topic0,39,281,0.138790
2024-01-01,topic4,40,281,0.142349
2024-01-01,topic2,30,281,0.106762
2024-01-01,topic3,43,281,0.153025
2024-01-01,topic7,14,281,0.049822
2024-01-01,topic6,17,281,0.060498
2024-01-01,topic5,19,281,0.067616
2024-02-01,topic1,6,248,0.024194
2024-02-01,topic0,45,248,0.181452
2024-02-01,topic4,46,248,0.185484
2024-02-01,topic2,22,248,0.088710
2024-02-01,topic3,18,248,0.072581
2024-02-01,topic7,3,248,0.012097
2024-02-01,topic6,19,248,0.076613
2024-02-01,topic5,17,248,0.068548
2024-03-01,topic1,14,233,0.060086
2024-03-01,topic0,29,233,0.124464
2024-03-01,topic4,27,233,0.115880
2024-03-01,topic2,16,233,0.068670
2024-03-01,topic3,13,233,0.055794
2024-03-01,topic7,7,233,0.030043
2024-03-01,topic6,21,233,0.090129
2024-03-01,topic5,24,233,0.103004
2024-04-01,topic1,9,253,0.035573
2024-04-01,topic0,33,253,0.130435
2024-04-01,topic4,40,253,0.158103
2024-04-01,topic2,25,253,0.098814
2024-04-01,topic3,30,253,0.118577
2024-04-01,topic7,9,253,0.035573
2024-04-01,topic6,18,253,0.071146
2024-04-01,topic5,14,253,0.055336
2024-05-01,topic1,3,300,0.010000
2024-05-01,topic0,47,300,0.156667
2024-05-01,topic4,46,300,0.153333
2024-05-01,topic2,24,300,0.080000
2024-05-01,topic3,23,300,0.076667
2024-05-01,topic7,9,300,0.030000
2024-05-01,topic6,21,300,0.070000
2024-05-01,topic5,17,300,0.056667
2024-06-01,topic1,6,253,0.023715
2024-06-01,topic0,32,253,0.126482
2024-06-01,topic4,38,253,0.150198
2024-06-01,topic2,28,253,0.110672
2024-06-01,topic3,38,253,0.150198
2024-06-01,topic7,12,253,0.047431
2024-06-01,topic6,21,253,0.083004
2024-06-01,topic5,14,253,0.055336
2024-07-01,topic1,5,266,0.018797
2024-07-01,topic0,35,266,0.131579
2024-07-01,topic4,46,266,0.172932
2024-07-01,topic2,25,266,0.093985
2024-07-01,topic3,47,266,0.176692
2024-07-01,topic7,14,266,0.052632
2024-07-01,topic6,20,266,0.075188
2024-07-01,topic5,18,266,0.067669
2024-08-01,topic1,6,307,0.019544
2024-08-01,topic0,33,307,0.107492
2024-08-01,topic4,62,307,0.201954
2024-08-01,topic2,41,307,0.133550
2024-08-01,topic3,36,307,0.117264
2024-08-01,topic7,11,307,0.035831
2024-08-01,topic6,21,307,0.068404
2024-08-01,topic5,25,307,0.081433
2024-09-01,topic1,10,322,0.031056
2024-09-01,topic0,47,322,0.145963
2024-09-01,topic4,44,322,0.136646
2024-09-01,topic2,55,322,0.170807
2024-09-01,topic3,30,322,0.093168
2024-09-01,topic7,10,322,0.031056
2024-09-01,topic6,20,322,0.062112
2024-09-01,topic5,28,322,0.086957
2024-10-01,topic1,9,302,0.029801
2024-10-01,topic0,43,302,0.142384
2024-10-01,topic4,61,302,0.201987
2024-10-01,topic2,27,302,0.089404
2024-10-01,topic3,28,302,0.092715
2024-10-01,topic7,7,302,0.023179
2024-10-01,topic6,21,302,0.069536
2024-10-01,topic5,27,302,0.089404
2024-11-01,topic1,13,262,0.049618
2024-11-01,topic0,23,262,0.087786
2024-11-01,topic4,44,262,0.167939
2024-11-01,topic2,30,262,0.114504
2024-11-01,topic3,27,262,0.103053
2024-11-01,topic7,10,262,0.038168
2024-11-01,topic6,21,262,0.080153
2024-11-01,topic5,16,262,0.061069
2024-12-01,topic1,55,292,0.188356
2024-12-01,topic0,24,292,0.082192
2024-12-01,topic4,27,292,0.092466
2024-12-01,topic2,25,292,0.085616
2024-12-01,topic3,26,292,0.089041
2024-12-01,topic7,39,292,0.133562
2024-12-01,topic6,21,292,0.071918
2024-12-01,topic5,10,292,0.034247
2025-01-01,topic1,183,438,0.417808
2025-01-01,topic0,18,438,0.041096
2025-01-01,topic4,9,438,0.020548
2025-01-01,topic2,13,438,0.029680
2025-01-01,topic3,16,438,0.036530
2025-01-01,topic7,104,438,0.237443
2025-01-01,topic6,42,438,0.095890
2025-01-01,topic5,7,438,0.015982
2025-02-01,topic1,73,257,0.284047
2025-02-01,topic0,22,257,0.085603
2025-02-01,topic4,24,257,0.093385
2025-02-01,topic2,13,257,0.050584
2025-02-01,topic3,15,257,0.058366
2025-02-01,topic7,33,257,0.128405
2025-02-01,topic6,30,257,0.116732
2025-02-01,topic5,10,257,0.038911
2025-03-01,topic1,277,590,0.469492
2025-03-01,topic0,19,590,0.032203
2025-03-01,topic4,18,590,0.030508
2025-03-01,topic2,19,590,0.032203
2025-03-01,topic3,31,590,0.052542
2025-03-01,topic7,121,590,0.205085
2025-03-01,topic6,37,590,0.062712
2025-03-01,topic5,16,590,0.027119
2025-04-01,topic1,73,281,0.259786
2025-04-01,topic0,17,281,0.060498
2025-04-01,topic4,19,281,0.067616
2025-04-01,topic2,19,281,0.067616
2025-04-01,topic3,20,281,0.071174
2025-04-01,topic7,43,281,0.153025
2025-04-01,topic6,28,281,0.099644
2025-04-01,topic5,8,281,0.028470
2025-05-01,topic1,74,352,0.210227
2025-05-01,topic0,36,352,0.102273
2025-05-01,topic4,34,352,0.096591
2025-05-01,topic2,32,352,0.090909
2025-05-01,topic3,19,352,0.053977
2025-05-01,topic7,28,352,0.079545
2025-05-01,topic6,27,352,0.076705
2025-05-01,topic5,15,352,0.042614
2025-06-01,topic1,37,323,0.114551
2025-06-01,topic0,37,323,0.114551
2025-06-01,topic4,27,323,0.083591
2025-06-01,topic2,28,323,0.086687
2025-06-01,topic3,28,323,0.086687
2025-06-01,topic7,36,323,0.111455
2025-06-01,topic6,24,323,0.074303
2025-06-01,topic5,23,323,0.071207
2025-07-01,topic1,27,273,0.098901
2025-07-01,topic0,31,273,0.113553
2025-07-01,topic4,43,273,0.157509
2025-07-01,topic2,35,273,0.128205
2025-07-01,topic3,39,273,0.142857
2025-07-01,topic7,6,273,0.021978
2025-07-01,topic6,17,273,0.062271
2025-07-01,topic5,16,273,0.058608
2025-08-01,topic1,33,334,0.098802
2025-08-01,topic0,38,334,0.113772
2025-08-01,topic4,44,334,0.131737
2025-08-01,topic2,35,334,0.104790
2025-08-01,topic3,28,334,0.083832
2025-08-01,topic7,31,334,0.092814
2025-08-01,topic6,21,334,0.062874
2025-08-01,topic5,25,334,0.074850
2025-09-01,topic1,26,268,0.097015
2025-09-01,topic0,25,268,0.093284
2025-09-01,topic4,25,268,0.093284
2025-09-01,topic2,29,268,0.108209
2025-09-01,topic3,36,268,0.134328
2025-09-01,topic7,29,268,0.108209
2025-09-01,topic6,10,268,0.037313
2025-09-01,topic5,28,268,0.104478
2025-10-01,topic1,24,250,0.096000
2025-10-01,topic0,34,250,0.136000
2025-10-01,topic4,14,250,0.056000
2025-10-01,topic2,37,250,0.148000
2025-10-01,topic3,25,250,0.100000
2025-10-01,topic7,12,250,0.048000
2025-10-01,topic6,16,250,0.064000
2025-10-01,topic5,8,250,0.032000
2025-11-01,topic1,15,267,0.056180
2025-11-01,topic0,30,267,0.112360
2025-11-01,topic4,30,267,0.112360
2025-11-01,topic2,36,267,0.134831
2025-11-01,topic3,16,267,0.059925
2025-11-01,topic7,19,267,0.071161
2025-11-01,topic6,21,267,0.078652
2025-11-01,topic5,23,267,0.086142
2025-12-01,topic1,56,294,0.190476
2025-12-01,topic0,18,294,0.061224
2025-12-01,topic4,19,294,0.064626
2025-12-01,topic2,14,294,0.047619
2025-12-01,topic3,23,294,0.078231
2025-12-01,topic7,69,294,0.234694
2025-12-01,topic6,13,294,0.044218
2025-12-01,topic5,19,294,0.064626
2026-01-01,topic1,740,1419,0.521494
2026-01-01,topic0,75,1419,0.052854
2026-01-01,topic4,27,1419,0.019027
2026-01-01,topic2,48,1419,0.033827
2026-01-01,topic3,35,1419,0.024665
2026-01-01,topic7,228,1419,0.160677
2026-01-01,topic6,127,1419,0.089500
2026-01-01,topic5,26,1419,0.018323
2026-02-01,topic1,887,2191,0.404838
2026-02-01,topic0,170,2191,0.077590
2026-02-01,topic4,87,2191,0.039708
2026-02-01,topic2,119,2191,0.054313
2026-02-01,topic3,80,2191,0.036513
2026-02-01,topic7,390,2191,0.178001
2026-02-01,topic6,168,2191,0.076677
2026-02-01,topic5,50,2191,0.022821
2026-03-01,topic1,883,2897,0.304798
2026-03-01,topic0,357,2897,0.123231
2026-03-01,topic4,167,2897,0.057646
2026-03-01,topic2,185,2897,0.063859
2026-03-01,topic3,165,2897,0.056955
2026-03-01,topic7,280,2897,0.096652
2026-03-01,topic6,208,2897,0.071798
2026-03-01,topic5,108,2897,0.037280
2026-04-01,topic1,213,781,0.272727
2026-04-01,topic0,116,781,0.148528
2026-04-01,topic4,52,781,0.066581
2026-04-01,topic2,68,781,0.087068
2026-04-01,topic3,42,781,0.053777
2026-04-01,topic7,35,781,0.044814
2026-04-01,topic6,49,781,0.062740
2026-04-01,topic5,18,781,0.023047
