period,frame,count,total_videos_in_period,prevalence
2019-01/02,Nature/Tourism,132,242,0.545455
2019-01/02,Geopolitics,5,242,0.020661
2019-01/02,Knowledge/Facts,36,242,0.148760
2019-01/02,Indigenous Life,40,242,0.165289
2019-01/02,Climate Change,29,242,0.119835
2019-03/04,Nature/Tourism,88,201,0.437811
2019-03/04,Geopolitics,24,201,0.119403
2019-03/04,Knowledge/Facts,14,201,0.069652
2019-03/04,Indigenous Life,41,201,0.203980
2019-03/04,Climate Change,34,201,0.169154
2019-05/06,Nature/Tourism,104,286,0.363636
2019-05/06,Geopolitics,24,286,0.083916
2019-05/06,Knowledge/Facts,50,286,0.174825
2019-05/06,Indigenous Life,66,286,0.230769
2019-05/06,Climate Change,42,286,0.146853
2019-07/08,Nature/Tourism,143,568,0.251761
2019-07/08,Geopolitics,245,568,0.431338
2019-07/08,Knowledge/Facts,26,568,0.045775
2019-07/08,Indigenous Life,67,568,0.117958
2019-07/08,Climate Change,87,568,0.153169
2019-09/10,Nature/Tourism,141,304,0.463816
2019-09/10,Geopolitics,26,304,0.085526
2019-09/10,Knowledge/Facts,39,304,0.128289
2019-09/10,Indigenous Life,66,304,0.217105
2019-09/10,Climate Change,32,304,0.105263
2019-11/12,Nature/Tourism,121,262,0.461832
2019-11/12,Geopolitics,18,262,0.068702
2019-11/12,Knowledge/Facts,45,262,0.171756
2019-11/12,Indigenous Life,50,262,0.190840
2019-11/12,Climate Change,28,262,0.106870
2020-01/02,Nature/Tourism,127,263,0.482890
2020-01/02,Geopolitics,27,263,0.102662
2020-01/02,Knowledge/Facts,36,263,0.136882
2020-01/02,Indigenous Life,54,263,0.205323
2020-01/02,Climate Change,19,263,0.072243
2020-03/04,Nature/Tourism,142,345,0.411594
2020-03/04,Geopolitics,36,345,0.104348
2020-03/04,Knowledge/Facts,69,345,0.200000
2020-03/04,Indigenous Life,68,345,0.197101
2020-03/04,Climate Change,30,345,0.086957
2020-05/06,Nature/Tourism,125,254,0.492126
2020-05/06,Geopolitics,10,254,0.039370
2020-05/06,Knowledge/Facts,67,254,0.263780
2020-05/06,Indigenous Life,38,254,0.149606
2020-05/06,Climate Change,14,254,0.055118
2020-07/08,Nature/Tourism,113,290,0.389655
2020-07/08,Geopolitics,24,290,0.082759
2020-07/08,Knowledge/Facts,65,290,0.224138
2020-07/08,Indigenous Life,41,290,0.141379
2020-07/08,Climate Change,47,290,0.162069
2020-09/10,Nature/Tourism,107,264,0.405303
2020-09/10,Geopolitics,11,264,0.041667
2020-09/10,Knowledge/Facts,66,264,0.250000
2020-09/10,Indigenous Life,52,264,0.196970
2020-09/10,Climate Change,28,264,0.106061
2020-11/12,Nature/Tourism,115,255,0.450980
2020-11/12,Geopolitics,17,255,0.066667
2020-11/12,Knowledge/Facts,52,255,0.203922
2020-11/12,Indigenous Life,56,255,0.219608
2020-11/12,Climate Change,15,255,0.058824
2021-01/02,Nature/Tourism,131,288,0.454861
2021-01/02,Geopolitics,19,288,0.065972
2021-01/02,Knowledge/Facts,46,288,0.159722
2021-01/02,Indigenous Life,78,288,0.270833
2021-01/02,Climate Change,14,288,0.048611
2021-03/04,Nature/Tourism,123,352,0.349432
2021-03/04,Geopolitics,43,352,0.122159
2021-03/04,Knowledge/Facts,75,352,0.213068
2021-03/04,Indigenous Life,73,352,0.207386
2021-03/04,Climate Change,38,352,0.107955
2021-05/06,Nature/Tourism,150,318,0.471698
2021-05/06,Geopolitics,17,318,0.053459
2021-05/06,Knowledge/Facts,76,318,0.238994
2021-05/06,Indigenous Life,56,318,0.176101
2021-05/06,Climate Change,19,318,0.059748
2021-07/08,Nature/Tourism,144,398,0.361809
2021-07/08,Geopolitics,16,398,0.040201
2021-07/08,Knowledge/Facts,97,398,0.243719
2021-07/08,Indigenous Life,76,398,0.190955
2021-07/08,Climate Change,65,398,0.163317
2021-09/10,Nature/Tourism,150,368,0.407609
2021-09/10,Geopolitics,24,368,0.065217
2021-09/10,Knowledge/Facts,94,368,0.255435
2021-09/10,Indigenous Life,72,368,0.195652
2021-09/10,Climate Change,28,368,0.076087
2021-11/12,Nature/Tourism,158,378,0.417989
2021-11/12,Geopolitics,16,378,0.042328
2021-11/12,Knowledge/Facts,92,378,0.243386
2021-11/12,Indigenous Life,84,378,0.222222
2021-11/12,Climate Change,28,378,0.074074
2022-01/02,Nature/Tourism,156,375,0.416000
2022-01/02,Geopolitics,15,375,0.040000
2022-01/02,Knowledge/Facts,112,375,0.298667
2022-01/02,Indigenous Life,63,375,0.168000
2022-01/02,Climate Change,29,375,0.077333
2022-03/04,Nature/Tourism,158,385,0.410390
2022-03/04,Geopolitics,12,385,0.031169
2022-03/04,Knowledge/Facts,120,385,0.311688
2022-03/04,Indigenous Life,83,385,0.215584
2022-03/04,Climate Change,12,385,0.031169
2022-05/06,Nature/Tourism,156,391,0.398977
2022-05/06,Geopolitics,17,391,0.043478
2022-05/06,Knowledge/Facts,141,391,0.360614
2022-05/06,Indigenous Life,62,391,0.158568
2022-05/06,Climate Change,15,391,0.038363
2022-07/08,Nature/Tourism,172,554,0.310469
2022-07/08,Geopolitics,19,554,0.034296
2022-07/08,Knowledge/Facts,251,554,0.453069
2022-07/08,Indigenous Life,89,554,0.160650
2022-07/08,Climate Change,23,554,0.041516
2022-09/10,Nature/Tourism,197,491,0.401222
2022-09/10,Geopolitics,18,491,0.036660
2022-09/10,Knowledge/Facts,165,491,0.336049
2022-09/10,Indigenous Life,93,491,0.189409
2022-09/10,Climate Change,18,491,0.036660
2022-11/12,Nature/Tourism,178,531,0.335217
2022-11/12,Geopolitics,22,531,0.041431
2022-11/12,Knowledge/Facts,237,531,0.446328
2022-11/12,Indigenous Life,77,531,0.145009
2022-11/12,Climate Change,17,531,0.032015
2023-01/02,Nature/Tourism,155,474,0.327004
2023-01/02,Geopolitics,23,474,0.048523
2023-01/02,Knowledge/Facts,205,474,0.432489
2023-01/02,Indigenous Life,83,474,0.175105
2023-01/02,Climate Change,8,474,0.016878
2023-03/04,Nature/Tourism,200,516,0.387597
2023-03/04,Geopolitics,22,516,0.042636
2023-03/04,Knowledge/Facts,198,516,0.383721
2023-03/04,Indigenous Life,76,516,0.147287
2023-03/04,Climate Change,20,516,0.038760
2023-05/06,Nature/Tourism,198,548,0.361314
2023-05/06,Geopolitics,19,548,0.034672
2023-05/06,Knowledge/Facts,226,548,0.412409
2023-05/06,Indigenous Life,95,548,0.173358
2023-05/06,Climate Change,10,548,0.018248
2023-07/08,Nature/Tourism,172,396,0.434343
2023-07/08,Geopolitics,14,396,0.035354
2023-07/08,Knowledge/Facts,130,396,0.328283
2023-07/08,Indigenous Life,66,396,0.166667
2023-07/08,Climate Change,14,396,0.035354
2023-09/10,Nature/Tourism,216,634,0.340694
2023-09/10,Geopolitics,20,634,0.031546
2023-09/10,Knowledge/Facts,273,634,0.430599
2023-09/10,Indigenous Life,109,634,0.171924
2023-09/10,Climate Change,16,634,0.025237
2023-11/12,Nature/Tourism,218,501,0.435130
2023-11/12,Geopolitics,18,501,0.035928
2023-11/12,Knowledge/Facts,197,501,0.393214
2023-11/12,Indigenous Life,53,501,0.105788
2023-11/12,Climate Change,15,501,0.029940
2024-01/02,Nature/Tourism,182,489,0.372188
2024-01/02,Geopolitics,15,489,0.030675
2024-01/02,Knowledge/Facts,206,489,0.421268
2024-01/02,Indigenous Life,69,489,0.141104
2024-01/02,Climate Change,17,489,0.034765
2024-03/04,Nature/Tourism,152,460,0.330435
2024-03/04,Geopolitics,35,460,0.076087
2024-03/04,Knowledge/Facts,195,460,0.423913
2024-03/04,Indigenous Life,66,460,0.143478
2024-03/04,Climate Change,12,460,0.026087
2024-05/06,Nature/Tourism,217,523,0.414914
2024-05/06,Geopolitics,18,523,0.034417
2024-05/06,Knowledge/Facts,216,523,0.413002
2024-05/06,Indigenous Life,67,523,0.128107
2024-05/06,Climate Change,5,523,0.009560
2024-07/08,Nature/Tourism,263,538,0.488848
2024-07/08,Geopolitics,17,538,0.031599
2024-07/08,Knowledge/Facts,188,538,0.349442
2024-07/08,Indigenous Life,60,538,0.111524
2024-07/08,Climate Change,10,538,0.018587
2024-09/10,Nature/Tourism,250,574,0.435540
2024-09/10,Geopolitics,22,574,0.038328
2024-09/10,Knowledge/Facts,186,574,0.324042
2024-09/10,Indigenous Life,78,574,0.135889
2024-09/10,Climate Change,38,574,0.066202
2024-11/12,Nature/Tourism,167,520,0.321154
2024-11/12,Geopolitics,132,520,0.253846
2024-11/12,Knowledge/Facts,159,520,0.305769
2024-11/12,Indigenous Life,52,520,0.100000
2024-11/12,Climate Change,10,520,0.019231
2025-01/02,Nature/Tourism,70,727,0.096286
2025-01/02,Geopolitics,477,727,0.656121
2025-01/02,Knowledge/Facts,145,727,0.199450
2025-01/02,Indigenous Life,30,727,0.041265
2025-01/02,Climate Change,5,727,0.006878
2025-03/04,Nature/Tourism,91,902,0.100887
2025-03/04,Geopolitics,577,902,0.639690
2025-03/04,Knowledge/Facts,175,902,0.194013
2025-03/04,Indigenous Life,53,902,0.058758
2025-03/04,Climate Change,6,902,0.006652
2025-05/06,Nature/Tourism,150,638,0.235110
2025-05/06,Geopolitics,182,638,0.285266
2025-05/06,Knowledge/Facts,231,638,0.362069
2025-05/06,Indigenous Life,62,638,0.097179
2025-05/06,Climate Change,13,638,0.020376
2025-07/08,Nature/Tourism,221,597,0.370184
2025-07/08,Geopolitics,118,597,0.197655
2025-07/08,Knowledge/Facts,173,597,0.289782
2025-07/08,Indigenous Life,66,597,0.110553
2025-07/08,Climate Change,19,597,0.031826
2025-09/10,Nature/Tourism,171,523,0.326960
2025-09/10,Geopolitics,92,523,0.175908
2025-09/10,Knowledge/Facts,178,523,0.340344
2025-09/10,Indigenous Life,73,523,0.139579
2025-09/10,Climate Change,9,523,0.017208
2025-11/12,Nature/Tourism,119,547,0.217550
2025-11/12,Geopolitics,182,547,0.332724
2025-11/12,Knowledge/Facts,174,547,0.318099
2025-11/12,Indigenous Life,61,547,0.111517
2025-11/12,Climate Change,11,547,0.020110
2026-01/02,Nature/Tourism,316,3740,0.084492
2026-01/02,Geopolitics,2710,3740,0.724599
2026-01/02,Knowledge/Facts,538,3740,0.143850
2026-01/02,Indigenous Life,141,3740,0.037701
2026-01/02,Climate Change,35,3740,0.009358
2026-03/04,Nature/Tourism,682,4169,0.163588
2026-03/04,Geopolitics,2121,4169,0.508755
2026-03/04,Knowledge/Facts,964,4169,0.231231
2026-03/04,Indigenous Life,316,4169,0.075798
2026-03/04,Climate Change,86,4169,0.020628
